{"mode": "train", "epoch": 1, "iter": 5, "lr": 0.0004, "time": 5.51053, "data_time": 3.99032, "memory": 9206, "transfer_time": 4.0297, "forward_time": 4.49214, "loss_parse_time": 4.49256, "loss": [16.44235, 38.25903, 64.59579, 14.89686, 109.38769, 19.7811], "hm_loss": [7.02932, 29.97263, 47.57647, 3.83736, 97.42154, 8.78234], "loc_loss": [37.65212, 33.14561, 68.07727, 44.238, 47.86457, 43.99504], "loc_loss_elem": [[6.12715, 5.02286, 5.4067, 3.08445, 4.96369, 2.77356, 3.87473, 5.24723, 3.89025, 4.55906], [3.37416, 4.50554, 6.21161, 3.17577, 3.66364, 3.79369, 3.47756, 4.28241, 3.70212, 3.16709], [5.34199, 9.33151, 16.16652, 8.92425, 5.93412, 6.9831, 8.175, 6.92661, 5.79948, 6.57597], [6.40957, 5.75467, 6.75935, 3.76649, 4.08606, 4.30038, 4.90759, 6.09445, 5.44675, 5.51432], [3.72308, 5.41263, 7.76802, 3.7553, 5.50022, 4.8663, 5.39525, 11.13213, 7.67651, 5.85702], [8.09356, 4.6356, 6.73419, 5.0415, 3.67502, 3.95079, 5.09155, 7.98164, 4.91456, 4.33518]], "num_positive": [37.6, 9.6, 3.8, 27.8, 3.8, 37.0]}
