{"mode": "train", "epoch": 1, "iter": 5, "lr": 0.0004, "time": 3.94187, "data_time": 3.09726, "memory": 8717, "transfer_time": 3.21777, "forward_time": 3.49292, "loss_parse_time": 3.49333, "loss": [18.61127, 30.23865, 120.46565, 17.87688, 64.17118, 22.78604], "hm_loss": [8.60262, 16.51075, 109.30342, 7.69965, 50.43706, 6.57066], "loc_loss": [40.03461, 54.91159, 44.64889, 40.70894, 54.93649, 64.86152], "loc_loss_elem": [[3.58467, 4.31447, 6.30275, 5.17131, 3.26985, 7.16347, 3.21161, 3.66193, 4.99921, 3.85419], [5.46702, 11.13764, 9.84665, 3.67991, 5.27596, 4.11677, 5.33072, 6.17259, 6.49397, 6.59301], [2.02995, 5.22429, 9.9936, 4.80598, 4.1593, 8.3121, 5.34105, 4.25972, 2.46672, 5.73681], [4.07513, 4.90434, 6.514, 4.60384, 3.66799, 3.78552, 7.35334, 7.14643, 5.93224, 4.32593], [4.34232, 5.10754, 11.04118, 7.7027, 6.6058, 6.35074, 7.40544, 5.31498, 6.22828, 5.01385], [5.48512, 5.56104, 15.16161, 6.95352, 5.87537, 9.34971, 4.92112, 5.49234, 7.46788, 6.92458]], "num_positive": [38.0, 9.2, 2.4, 16.0, 2.8, 38.2]}
{"mode": "train", "epoch": 1, "iter": 10, "lr": 0.0004, "time": 1.26235, "data_time": 0.64715, "memory": 8717, "transfer_time": 0.73158, "forward_time": 0.90758, "loss_parse_time": 0.90792, "loss": [11.40631, 17.05307, 31.09473, 11.26692, 29.42753, 12.60051], "hm_loss": [3.68964, 9.2452, 21.03866, 6.15483, 20.89421, 4.36856], "loc_loss": [30.8667, 31.23145, 40.2243, 20.44834, 34.1333, 32.9278], "loc_loss_elem": [[3.31558, 3.35725, 4.2852, 3.42525, 2.47314, 6.57053, 2.44423, 3.8965, 3.38543, 2.78615], [3.16755, 6.02031, 5.35946, 2.9665, 3.43464, 2.51934, 2.23379, 3.1281, 3.55056, 3.14071], [3.85179, 4.74686, 3.9508, 2.04866, 5.08226, 6.69799, 3.23844, 4.56958, 3.88138, 8.40295], [2.27245, 2.68127, 3.66681, 2.39235, 1.80866, 1.31143, 2.71485, 2.75392, 2.95016, 2.27144], [3.6738, 2.5936, 7.44437, 3.74676, 4.00266, 3.78519, 2.4361, 3.45866, 2.87834, 4.82962], [3.751, 3.2482, 6.60229, 3.26991, 2.92441, 3.12836, 3.11018, 3.53275, 4.16468, 4.51037]], "num_positive": [44.4, 8.8, 4.4, 20.8, 3.0, 29.0]}
{"mode": "train", "epoch": 1, "iter": 15, "lr": 0.0004, "time": 1.40325, "data_time": 0.72685, "memory": 8717, "transfer_time": 0.83652, "forward_time": 1.00178, "loss_parse_time": 1.0021, "loss": [7.996, 9.76552, 17.89619, 8.22517, 13.904, 9.37898], "hm_loss": [2.84487, 4.51516, 10.37272, 4.09987, 9.10482, 3.07701], "loc_loss": [20.60451, 21.00144, 30.09389, 16.5012, 19.19673, 25.20787], "loc_loss_elem": [[1.87496, 2.06396, 3.22981, 2.28727, 1.81204, 3.17928, 1.63467, 3.16136, 3.20662, 1.99136], [2.49401, 4.35156, 3.44903, 1.72709, 2.43964, 1.25183, 2.10723, 2.79951, 2.06436, 2.24257], [1.8804, 2.97776, 5.73266, 2.16607, 4.59327, 4.18842, 3.92543, 2.09136, 3.06784, 4.28412], [1.82401, 1.72972, 2.54972, 1.84853, 1.92126, 1.35918, 2.00358, 2.02871, 2.1872, 2.27512], [1.82775, 2.35365, 2.11991, 2.28134, 1.56783, 1.82009, 2.81623, 3.55195, 1.66173, 4.29081], [2.51502, 3.00449, 5.65013, 2.33867, 1.98251, 2.03147, 2.08655, 3.0523, 3.47699, 3.18082]], "num_positive": [42.8, 9.8, 3.4, 31.6, 2.8, 43.0]}
{"mode": "train", "epoch": 1, "iter": 20, "lr": 0.0004, "time": 3.31675, "data_time": 2.6561, "memory": 8839, "transfer_time": 2.72919, "forward_time": 2.94121, "loss_parse_time": 2.94156, "loss": [7.53359, 9.22126, 12.66293, 6.60392, 8.52428, 6.35471], "hm_loss": [3.62807, 4.01895, 6.79021, 2.99056, 5.41884, 2.79083], "loc_loss": [15.62206, 20.80924, 23.49084, 14.45344, 12.42175, 14.25556], "loc_loss_elem": [[1.55175, 1.45873, 2.55231, 1.53332, 1.66049, 2.18042, 2.08288, 2.45523, 2.03985, 1.73757], [1.79732, 5.53948, 2.88134, 1.67778, 1.88339, 2.00742, 2.14602, 2.95544, 2.06123, 1.94098], [1.81165, 1.44652, 3.14462, 1.97563, 2.04592, 3.11999, 2.33349, 1.54804, 1.86235, 7.30786], [1.66703, 1.62722, 2.90475, 1.22258, 1.34205, 1.34096, 1.80268, 1.81899, 2.23878, 1.38574], [1.00468, 1.6449, 2.92616, 0.7542, 1.31285, 1.25813, 0.89542, 1.27154, 2.116, 0.97144], [1.38012, 1.80597, 2.74724, 1.35131, 1.11778, 1.07996, 1.50877, 1.71508, 2.25127, 1.87713]], "num_positive": [31.2, 7.6, 3.6, 35.6, 1.8, 40.4]}
