{"mode": "train", "epoch": 1, "iter": 5, "lr": 0.0004, "time": 5.42238, "data_time": 3.31615, "memory": 4944, "transfer_time": 3.33001, "forward_time": 4.33795, "loss_parse_time": 4.33831, "loss": [16.7085, 98.44288, 109.04364, 90.49192, 61.87542, 19.96037], "hm_loss": [5.24487, 89.97352, 103.49858, 86.3249, 35.89404, 8.70631], "loc_loss": [45.85452, 33.87747, 22.18024, 16.66808, 103.92553, 45.01624], "loc_loss_elem": [[4.69054, 4.68102, 11.42916, 4.02072, 4.53467, 3.16335, 12.59102, 7.03422, 5.09166, 4.31834], [3.82137, 5.17285, 6.88321, 4.07684, 2.88146, 4.61355, 3.3438, 2.95827, 1.72693, 3.44084], [2.7716, 2.91747, 3.59715, 0.82814, 0.92456, 2.11365, 1.9399, 3.71964, 3.88232, 4.01345], [1.59099, 1.78469, 2.43412, 2.67264, 3.13124, 1.61237, 2.51334, 1.64118, 0.94305, 1.66808], [9.79594, 16.17237, 10.10517, 6.90216, 10.44277, 7.99791, 5.47457, 8.60525, 17.31255, 22.3807], [4.56869, 5.03164, 8.0172, 5.59349, 3.3631, 4.14876, 7.64872, 5.09592, 5.95581, 5.78861]], "num_positive": [29.6, 4.0, 2.2, 4.4, 5.0, 13.0]}
{"mode": "train", "epoch": 1, "iter": 10, "lr": 0.0004, "time": 3.55194, "data_time": 1.95274, "memory": 4944, "transfer_time": 1.96493, "forward_time": 2.95333, "loss_parse_time": 2.95366, "loss": [7.81348, 15.38624, 26.64177, 7.39672, 23.86596, 11.43365], "hm_loss": [3.19534, 9.46885, 17.77242, 2.69778, 12.46647, 5.07669], "loc_loss": [18.47254, 23.66957, 35.47738, 18.79575, 45.59798, 25.42782], "loc_loss_elem": [[2.23135, 1.83433, 2.82913, 2.18448, 1.94305, 1.59178, 2.84626, 3.35984, 2.20897, 2.40823], [2.90466, 3.7085, 4.1991, 2.79484, 1.54849, 2.5565, 4.29612, 3.74508, 2.21822, 2.13102], [6.8866, 4.18429, 4.2853, 2.12619, 4.58536, 2.63481, 6.68473, 4.92609, 2.74709, 5.70559], [2.23677, 2.44815, 2.59183, 1.65021, 2.61493, 1.62108, 1.82313, 2.08146, 2.70196, 2.1499], [3.02218, 3.0141, 7.76224, 2.86232, 4.01144, 4.27644, 2.98128, 8.36227, 7.46611, 10.91445], [3.33614, 3.2681, 4.11001, 3.17661, 2.4881, 1.86454, 3.86112, 3.15457, 3.26024, 2.52093]], "num_positive": [20.2, 5.2, 2.2, 28.6, 2.4, 21.0]}
{"mode": "train", "epoch": 1, "iter": 15, "lr": 0.0004, "time": 2.44834, "data_time": 0.77854, "memory": 4944, "transfer_time": 0.7908, "forward_time": 1.85599, "loss_parse_time": 1.85637, "loss": [6.90177, 11.26149, 8.92318, 6.90294, 9.97746, 7.19188], "hm_loss": [3.26953, 6.60974, 6.19263, 5.99717, 6.30406, 3.41194], "loc_loss": [14.52895, 18.60702, 10.92219, 3.62308, 14.69362, 15.11978], "loc_loss_elem": [[1.56229, 1.27315, 2.60654, 1.85668, 1.18987, 1.35064, 1.98413, 3.07159, 1.84806, 1.83056], [3.27506, 1.83497, 2.02852, 1.72101, 1.45611, 2.61867, 2.14403, 3.58782, 2.32098, 2.20534], [1.50299, 0.81144, 1.27995, 1.17043, 0.95844, 1.41052, 0.77641, 1.99616, 1.27302, 1.96089], [0.57333, 0.41572, 0.7428, 0.38329, 0.415, 0.30121, 0.36353, 0.46556, 0.36509, 0.26083], [1.60795, 2.23903, 3.28074, 1.12958, 1.0779, 1.50824, 1.09781, 2.4806, 0.91482, 2.21966], [1.95973, 1.78003, 3.2242, 1.45817, 1.19864, 1.0446, 1.86744, 1.49647, 2.11218, 1.66945]], "num_positive": [27.8, 3.8, 2.6, 4.0, 0.8, 12.6]}
{"mode": "train", "epoch": 1, "iter": 20, "lr": 0.0004, "time": 3.62418, "data_time": 1.34378, "memory": 4944, "transfer_time": 1.35555, "forward_time": 3.0232, "loss_parse_time": 3.02356, "loss": [5.5653, 7.10204, 5.62374, 4.07601, 8.35663, 5.57467], "hm_loss": [3.15062, 4.23299, 3.81192, 2.67671, 4.33254, 2.81886], "loc_loss": [9.65869, 11.47621, 7.24728, 5.5972, 16.09634, 11.02323], "loc_loss_elem": [[0.83787, 0.70006, 1.93408, 0.95237, 0.91911, 1.08773, 1.32955, 2.12406, 1.19053, 1.34621], [1.00362, 1.08042, 2.11122, 1.28251, 1.25651, 1.60389, 1.06067, 1.43805, 1.52943, 1.10886], [0.31788, 0.61947, 1.17668, 0.36882, 1.02457, 0.55474, 0.92519, 0.42273, 1.37211, 1.54344], [0.46078, 0.62899, 0.91589, 0.41559, 0.6787, 0.53015, 0.43422, 0.60838, 1.12081, 0.63778], [2.45161, 2.41609, 1.7694, 1.30814, 1.4478, 0.78935, 1.13486, 2.62455, 2.55482, 2.60725], [1.13742, 1.29257, 2.41383, 0.99473, 1.19156, 0.88924, 1.38733, 1.35664, 1.11445, 1.44065]], "num_positive": [14.0, 3.6, 0.8, 16.2, 2.2, 30.2]}
{"mode": "train", "epoch": 1, "iter": 25, "lr": 0.0004, "time": 2.40417, "data_time": 0.12019, "memory": 4944, "transfer_time": 0.13207, "forward_time": 1.79119, "loss_parse_time": 1.79156, "loss": [4.14181, 5.65814, 5.36849, 4.33668, 6.23565, 4.48665], "hm_loss": [2.48756, 3.51237, 3.5733, 3.03122, 4.0236, 2.82178], "loc_loss": [6.617, 8.58306, 7.18077, 5.22185, 8.84819, 6.6595], "loc_loss_elem": [[0.61266, 0.55443, 1.22977, 0.57225, 0.48725, 0.629, 1.52774, 1.62373, 0.90122, 1.00012], [0.65374, 0.74761, 1.5597, 1.10851, 0.7035, 0.5826, 1.92435, 2.12741, 1.21334, 1.20371], [0.67112, 0.9733, 1.12062, 0.32977, 0.48544, 0.53719, 0.59315, 1.94154, 0.76156, 1.79484], [0.49648, 0.55171, 0.90779, 0.43197, 0.59846, 0.39909, 0.47777, 0.52823, 1.04443, 0.59072], [0.91664, 1.47641, 1.22389, 0.78485, 0.62647, 0.81258, 1.09636, 1.77244, 1.10294, 1.33064], [0.92561, 0.62282, 1.05423, 0.40736, 0.86279, 0.5673, 0.88959, 0.7384, 0.97734, 0.91646]], "num_positive": [22.8, 4.6, 1.0, 29.6, 2.4, 30.6]}
{"mode": "train", "epoch": 1, "iter": 30, "lr": 0.0004, "time": 3.74018, "data_time": 1.16285, "memory": 4944, "transfer_time": 1.17541, "forward_time": 3.16058, "loss_parse_time": 3.16088, "loss": [4.81463, 4.74878, 3.7856, 3.67884, 2.64756, 4.29074], "hm_loss": [3.55833, 3.53964, 2.65592, 2.71822, 1.97279, 3.12433], "loc_loss": [5.02521, 4.83657, 4.51875, 3.84246, 2.69909, 4.66563], "loc_loss_elem": [[0.5406, 0.36402, 0.95817, 0.44085, 0.31028, 0.50427, 1.02145, 1.71632, 0.60446, 0.75501], [0.50872, 0.52073, 0.65839, 0.70154, 0.30024, 0.50195, 0.59161, 0.50307, 0.57545, 0.85062], [0.52225, 0.31477, 0.5398, 0.60199, 0.4369, 0.38878, 0.72147, 1.29373, 0.4201, 0.89112], [0.37603, 0.36544, 0.74233, 0.31519, 0.34383, 0.3279, 0.36901, 0.40271, 0.81478, 0.40262], [0.20705, 0.24383, 0.33734, 0.30531, 0.16241, 0.19826, 0.13042, 0.64647, 0.49701, 0.5925], [0.37827, 0.40571, 0.90965, 0.48998, 0.54654, 0.42233, 0.52017, 0.53944, 0.5803, 0.72094]], "num_positive": [21.4, 4.2, 2.2, 35.4, 0.8, 12.8]}
{"mode": "train", "epoch": 1, "iter": 35, "lr": 0.0004, "time": 2.40967, "data_time": 0.15421, "memory": 4944, "transfer_time": 0.16772, "forward_time": 1.80963, "loss_parse_time": 1.80992, "loss": [3.78292, 5.26663, 4.43261, 3.63128, 3.08271, 4.17451], "hm_loss": [2.58291, 3.69797, 3.34257, 2.72921, 2.41875, 3.13798], "loc_loss": [4.80002, 6.27462, 4.36016, 3.60829, 2.65585, 4.14615], "loc_loss_elem": [[0.48864, 0.43934, 0.91103, 0.38799, 0.35825, 0.31925, 0.53191, 1.52762, 0.52218, 0.96143], [0.53033, 0.51647, 1.24774, 0.69805, 0.4038, 0.59216, 1.21197, 1.25882, 0.65056, 1.14135], [0.5107, 0.40146, 0.53538, 0.20565, 0.70337, 0.39824, 0.31464, 0.89205, 0.69526, 0.66875], [0.28705, 0.37181, 0.80427, 0.26476, 0.41963, 0.1851, 0.26694, 0.38914, 0.61219, 0.53228], [0.16285, 0.23243, 0.44511, 0.12255, 0.16742, 0.17632, 0.11444, 0.26177, 0.40497, 0.86895], [0.34271, 0.31803, 1.00729, 0.32727, 0.45541, 0.32103, 0.51119, 0.46931, 0.57075, 0.60757]], "num_positive": [26.8, 4.2, 2.2, 12.8, 1.4, 17.8]}
{"mode": "train", "epoch": 1, "iter": 40, "lr": 0.0004, "time": 3.55587, "data_time": 1.37635, "memory": 4944, "transfer_time": 1.3889, "forward_time": 2.96799, "loss_parse_time": 2.96834, "loss": [4.00934, 4.79078, 5.52376, 5.60733, 12.42181, 4.18043], "hm_loss": [2.85567, 3.40606, 4.01505, 3.06812, 3.0252, 3.11075], "loc_loss": [4.6147, 5.53888, 6.03481, 10.15685, 37.58645, 4.27872],